{"cameraMode":{"drawMode":0,"name":"Shaded","section":"Shading Mode"},"sceneLighting":true,"audioPlay":false,"sceneViewState":{"showFog":true,"showMaterialUpdate":false,"showSkybox":true,"showFlares":true,"showImageEffects":true,"showParticleSystems":true},"in2DMode":false,"pivot":{"x":1.1978931427001954,"y":-0.5894689559936523,"z":-0.7679061889648438},"rotation":{"x":-0.0926319882273674,"y":0.895319402217865,"z":-0.22081759572029115,"w":-0.3755824565887451},"size":17.22407341003418,"orthographic":false}